feature,mean_importance
summary_cluster,0.01104507367227523
project_id,0.028133062845318645
