feature,mean_importance
summary_cluster,0.005276518112381412
project_id,0.04486247460846249
