feature,mean_importance
summary_cluster,0.011403063270199243
project_id,0.05072198761437965
