feature,mean_importance
summary_cluster,0.006944641021989018
project_id,0.030118987692675604
