feature,mean_importance
summary_cluster,0.017664943816590097
project_id,0.06636067750737673
