feature,shap_importance
project_id,0.1010875548572321
summary_cluster,0.07046349737306616
