feature,mean_importance
summary_cluster,0.051249207863504356
project_id,0.05926116453145262
