feature,mean_importance
summary_cluster,0.06387146838083876
project_id,0.07169897309535685
