feature,mean_importance
summary_cluster,0.043579397985427495
project_id,0.06805962317864486
