feature,mean_importance
project_id,0.09385155208223947
summary_cluster,0.1278500255458149
