feature,mean_importance
project_id,0.05587020666575029
summary_cluster,0.06906367301183913
