feature,mean_importance
summary_cluster,0.057670476497097646
project_id,0.07602015371413304
