feature,mean_importance
summary_cluster,0.0015644623389150958
project_id,0.044298606532435204
