feature,mean_importance
summary_cluster,0.00551435505164295
project_id,0.053527954726203045
