feature,mean_importance
summary_cluster,0.004050161196484136
project_id,0.050553584602035205
