feature,mean_importance
summary_cluster,0.0032375415537341467
project_id,0.02060353498277956
