feature,mean_importance
summary_cluster,-0.001948413302249863
project_id,0.009272915077982802
