feature,mean_importance
summary_cluster,0.011114552865315463
project_id,0.05806587790998861
