{
    "uid": "83e944ba-e98b-4ae1-bc17-70e72f8ffb23",
    "name": "23_NeuralNetwork",
    "preprocessing": [
        {
            "scale": [
                {
                    "scale": [
                        10.314806307889501,
                        28.77433556520932
                    ],
                    "mean": [
                        17.461373808133878,
                        48.56839852111306
                    ],
                    "var": [
                        106.39522916927704,
                        827.96238721927
                    ],
                    "n_samples_seen": 5139,
                    "n_features_in": 2,
                    "columns": [
                        "project_id",
                        "summary_cluster"
                    ],
                    "scale_method": "scale_normal"
                }
            ],
            "scale_y": {
                "scale": [
                    1.3020164580296252
                ],
                "mean": [
                    8.751924371812244
                ],
                "var": [
                    1.6952468569800105
                ],
                "n_samples_seen": 5139,
                "n_features_in": 1,
                "columns": [
                    "target"
                ],
                "scale_method": "scale_log_and_normal",
                "X_min_values": [
                    120.0
                ]
            },
            "ml_task": "regression",
            "params": {
                "columns_preprocessing": {
                    "project_id": [
                        "scale_normal"
                    ],
                    "summary_cluster": [
                        "scale_normal"
                    ]
                },
                "target_preprocessing": [
                    "na_exclude",
                    "scale_log_and_normal"
                ],
                "ml_task": "regression"
            }
        },
        {
            "scale": [
                {
                    "scale": [
                        10.354723083657417,
                        28.88182536423025
                    ],
                    "mean": [
                        17.473243821755204,
                        48.16481805798794
                    ],
                    "var": [
                        107.22029013922776,
                        834.1598363698937
                    ],
                    "n_samples_seen": 5139,
                    "n_features_in": 2,
                    "columns": [
                        "project_id",
                        "summary_cluster"
                    ],
                    "scale_method": "scale_normal"
                }
            ],
            "scale_y": {
                "scale": [
                    1.2654529890425577
                ],
                "mean": [
                    8.783126129405066
                ],
                "var": [
                    1.6013712674767433
                ],
                "n_samples_seen": 5139,
                "n_features_in": 1,
                "columns": [
                    "target"
                ],
                "scale_method": "scale_log_and_normal",
                "X_min_values": [
                    60.0
                ]
            },
            "ml_task": "regression",
            "params": {
                "columns_preprocessing": {
                    "project_id": [
                        "scale_normal"
                    ],
                    "summary_cluster": [
                        "scale_normal"
                    ]
                },
                "target_preprocessing": [
                    "na_exclude",
                    "scale_log_and_normal"
                ],
                "ml_task": "regression"
            }
        },
        {
            "scale": [
                {
                    "scale": [
                        10.26010613463374,
                        28.8897370262848
                    ],
                    "mean": [
                        17.462152169682817,
                        48.66997470324966
                    ],
                    "var": [
                        105.26977789394888,
                        834.6169054478909
                    ],
                    "n_samples_seen": 5139,
                    "n_features_in": 2,
                    "columns": [
                        "project_id",
                        "summary_cluster"
                    ],
                    "scale_method": "scale_normal"
                }
            ],
            "scale_y": {
                "scale": [
                    1.2712835857717195
                ],
                "mean": [
                    8.779185847352602
                ],
                "var": [
                    1.616161955452601
                ],
                "n_samples_seen": 5139,
                "n_features_in": 1,
                "columns": [
                    "target"
                ],
                "scale_method": "scale_log_and_normal",
                "X_min_values": [
                    60.0
                ]
            },
            "ml_task": "regression",
            "params": {
                "columns_preprocessing": {
                    "project_id": [
                        "scale_normal"
                    ],
                    "summary_cluster": [
                        "scale_normal"
                    ]
                },
                "target_preprocessing": [
                    "na_exclude",
                    "scale_log_and_normal"
                ],
                "ml_task": "regression"
            }
        },
        {
            "scale": [
                {
                    "scale": [
                        10.3966031222401,
                        29.055815760462327
                    ],
                    "mean": [
                        17.543101770772523,
                        48.82331192839074
                    ],
                    "var": [
                        108.0893564813726,
                        844.2404295059309
                    ],
                    "n_samples_seen": 5139,
                    "n_features_in": 2,
                    "columns": [
                        "project_id",
                        "summary_cluster"
                    ],
                    "scale_method": "scale_normal"
                }
            ],
            "scale_y": {
                "scale": [
                    1.2659466835089388
                ],
                "mean": [
                    8.782948349844542
                ],
                "var": [
                    1.6026210054872811
                ],
                "n_samples_seen": 5139,
                "n_features_in": 1,
                "columns": [
                    "target"
                ],
                "scale_method": "scale_log_and_normal",
                "X_min_values": [
                    60.0
                ]
            },
            "ml_task": "regression",
            "params": {
                "columns_preprocessing": {
                    "project_id": [
                        "scale_normal"
                    ],
                    "summary_cluster": [
                        "scale_normal"
                    ]
                },
                "target_preprocessing": [
                    "na_exclude",
                    "scale_log_and_normal"
                ],
                "ml_task": "regression"
            }
        },
        {
            "scale": [
                {
                    "scale": [
                        10.415124681904851,
                        28.849343998159387
                    ],
                    "mean": [
                        17.615369649805448,
                        48.73501945525292
                    ],