feature,mean_importance
summary_cluster,0.0035869896907048116
project_id,0.01860728403595695
