feature,mean_importance
project_id,0.01376163221008484
summary_cluster,0.07403307376284045
