feature,mean_importance
project_id,0.0331993458790059
summary_cluster,0.11565901220869197
