feature,mean_importance
project_id,0.03089745899851355
summary_cluster,0.0805588619162116
