feature,mean_importance
project_id,0.03221273053899194
summary_cluster,0.12585680838859103
