feature,mean_importance
project_id,0.033746644894712574
summary_cluster,0.08728274140918324
