feature,shap_importance
project_id,0.13888043968265834
summary_cluster,0.08347817745576191
