feature,mean_importance
summary_cluster,0.050726176712479275
project_id,0.05456258123149249
