feature,mean_importance
summary_cluster,0.0433025729712051
project_id,0.059182211399345985
