feature,mean_importance
summary_cluster,0.052465436219902406
project_id,0.07376064597607668
