feature,shap_importance
project_id,0.12517620947922575
summary_cluster,0.07621827099894732
