feature,mean_importance
summary_cluster,0.05370878168721034
project_id,0.07965036069146869
