feature,shap_importance
project_id,0.13697560196860978
summary_cluster,0.0756732847342669
