feature,shap_importance
project_id,0.11561003640592468
summary_cluster,0.07686688465789077
