feature,mean_importance
summary_cluster,0.029587713194007638
project_id,0.07890658639290411
