feature,mean_importance
summary_cluster,0.022002261126656885
project_id,0.07528830436598899
