feature,shap_importance
project_id,0.12153826451319234
summary_cluster,0.031278491031235936
