feature,mean_importance
summary_cluster,0.018307392286904877
project_id,0.05833045966165382
