feature,shap_importance
project_id,0.11185043042404502
summary_cluster,0.06086642773990233
