feature,mean_importance
summary_cluster,0.02311445374239427
project_id,0.05440339276459483
