feature,shap_importance
project_id,0.1197458141300939
summary_cluster,0.055102773512571104
