feature,shap_importance
project_id,0.11037957469679764
summary_cluster,0.047783035993925624
