feature,mean_importance
summary_cluster,0.02040852074030495
project_id,0.05019024541688557
