feature,mean_importance
summary_cluster,0.026571341525040794
project_id,0.035452297816348975
