feature,shap_importance
project_id,0.11637466580303031
summary_cluster,0.05869922051061436
