feature,mean_importance
project_id,0.11015702230637907
summary_cluster,0.14850792791775924
