feature,mean_importance
project_id,0.06329175272348583
summary_cluster,0.0714052812208946
