feature,mean_importance
summary_cluster,0.07533730800301222
project_id,0.08921945938307185
