feature,mean_importance
summary_cluster,0.08415231293732213
project_id,0.08600281356573095
