feature,mean_importance
project_id,0.07255921966534837
summary_cluster,0.08546925937339855
