feature,mean_importance
project_id,0.10413884791570589
summary_cluster,0.14595951419902237
