feature,mean_importance
project_id,0.06513946009942362
summary_cluster,0.09074187891669583
