feature,mean_importance
summary_cluster,0.08251376882475056
project_id,0.08788590272843948
