feature,mean_importance
summary_cluster,0.06998398360727838
project_id,0.07390473149794793
