feature,mean_importance
summary_cluster,0.05736968312649578
project_id,0.07487578634746828
