feature,mean_importance
summary_cluster,0.02426929856214959
project_id,0.05848623590566111
