feature,mean_importance
summary_cluster,0.04069985381001886
project_id,0.05317382896602489
