feature,mean_importance
summary_cluster,0.05095044817980019
project_id,0.05410915061635182
