feature,shap_importance
project_id,0.11419618475041164
summary_cluster,0.06631308808407886
