feature,shap_importance
project_id,0.10284009485464886
summary_cluster,0.0721872839882804
