feature,shap_importance
project_id,0.11316536801008695
summary_cluster,0.06962769145195194
