feature,shap_importance
project_id,0.10187048979682795
summary_cluster,0.07728980693375395
