feature,mean_importance
summary_cluster,0.036320241561589126
project_id,0.05480463683304979
