feature,shap_importance
project_id,0.11321816332305126
summary_cluster,0.07425559580986522
