feature,mean_importance
project_id,0.03652157124572919
summary_cluster,0.03818895703606821
