feature,shap_importance
project_id,0.0701647086153879
summary_cluster,0.02726062031823391
