feature,weight
intercept,-7.851034933361133e-16
project_id,0.0898205958815506
summary_cluster,0.03194313322235934
