feature,mean_importance
summary_cluster,0.003467477948972064
project_id,0.009256430340199361
