feature,shap_importance
project_id,0.13645082256537325
summary_cluster,0.10255067666773755
