feature,mean_importance
summary_cluster,0.06882174402542136
project_id,0.07841925624906987
