feature,shap_importance
project_id,0.12863547806571782
summary_cluster,0.08537597151529815
