feature,shap_importance
project_id,0.13117969864065987
summary_cluster,0.08955412008137797
