feature,shap_importance
project_id,0.11578939731604972
summary_cluster,0.09726448971125055
