feature,mean_importance
summary_cluster,0.05584870444935177
project_id,0.06629579466026991
