feature,shap_importance
project_id,0.12530055400978468
summary_cluster,0.10372393270570689
