feature,mean_importance
summary_cluster,0.037572354644160734
project_id,0.07231678730292343
