feature,mean_importance
summary_cluster,0.07815079693809983
project_id,0.08428935772459605
