feature,mean_importance
project_id,0.058348560174873866
summary_cluster,0.06776194110772313
