feature,mean_importance
summary_cluster,0.03346826297195997
project_id,0.052808122882503625
