feature,shap_importance
project_id,0.09316485792045413
summary_cluster,0.06607282670504946
