feature,shap_importance
summary_cluster,0.16448345080217017
project_id,0.11836149599817662
