feature,mean_importance
project_id,0.07358379702975645
summary_cluster,0.09749334688001972
