feature,shap_importance
summary_cluster,0.15671772205093135
project_id,0.13066065145208236
