feature,mean_importance
summary_cluster,0.06895011029297678
project_id,0.07950966083583574
