feature,mean_importance
project_id,0.09839453271135032
summary_cluster,0.10059122950364041
