feature,mean_importance
project_id,0.11204624640162701
summary_cluster,0.14895114299834358
