feature,shap_importance
summary_cluster,0.14059325758230198
project_id,0.1185598927769287
