feature,shap_importance
summary_cluster,0.11117330815522426
project_id,0.10036846993780106
