feature,mean_importance
project_id,0.08764493104538636
summary_cluster,0.10702245594435293
