feature,mean_importance
project_id,0.10542561891568636
summary_cluster,0.13071790567176383
