feature,mean_importance
summary_cluster,0.02993468227602638
project_id,0.06466238542864869
