feature,mean_importance
summary_cluster,0.04255777259414726
project_id,0.07069306284158625
