feature,mean_importance
summary_cluster,0.06630127257905707
project_id,0.08402091221298805
