feature,mean_importance
summary_cluster,0.0022404631400518406
project_id,0.07312629521072292
