feature,mean_importance
summary_cluster,0.004272884617346584
project_id,0.04783483581768093
