feature,mean_importance
summary_cluster,0.002024433294944039
project_id,0.04779198776711446
