feature,mean_importance
summary_cluster,0.0029901027039860527
project_id,0.029333420345286253
