feature,mean_importance
summary_cluster,0.0006601512541875687
project_id,0.0443604984185348
