feature,mean_importance
project_id,0.009895526611726945
summary_cluster,0.08223354423412925
