feature,mean_importance
project_id,0.025734438771900826
summary_cluster,0.0837783434767145
