feature,mean_importance
project_id,0.026501128408246165
summary_cluster,0.0958226726472015
