feature,mean_importance
project_id,0.022422168200960612
summary_cluster,0.1149981060899394
