feature,mean_importance
project_id,0.02044576826614981
summary_cluster,0.12239745264324549
