feature,mean_importance
project_id,0.07041953829335498
summary_cluster,0.09794310202576033
