feature,mean_importance
project_id,0.10325272144622562
summary_cluster,0.14424127556666624
