feature,mean_importance
summary_cluster,0.08310691108733656
project_id,0.08466995755594298
