feature,mean_importance
project_id,0.07329051551479679
summary_cluster,0.0748136020218518
