feature,mean_importance
summary_cluster,0.07454150714059773
project_id,0.07476168245523904
