feature,mean_importance
summary_cluster,0.00800738424472056
project_id,0.057968631905907377
