feature,mean_importance
summary_cluster,0.010504179777686518
project_id,0.060559513367928794
