feature,mean_importance
summary_cluster,0.019523223253149147
project_id,0.04797318326907283
