feature,mean_importance
summary_cluster,0.015896867309194818
project_id,0.06495705879766352
