feature,mean_importance
summary_cluster,0.034191677450934745
project_id,0.07718700045144307
