feature,mean_importance
summary_cluster,0.04203508613056859
project_id,0.0472163529847877
