feature,shap_importance
project_id,0.12261719354925416
summary_cluster,0.06796682355266544
