feature,shap_importance
project_id,0.12044004755134602
summary_cluster,0.0737019252594754
