feature,mean_importance
summary_cluster,0.03711339115359673
project_id,0.0570567213891636
