feature,shap_importance
project_id,0.12426970807400566
summary_cluster,0.08492073136543972
