feature,shap_importance
project_id,0.12281030341726552
summary_cluster,0.06436227805491691
