feature,shap_importance
project_id,0.10627117065766219
summary_cluster,0.06742731345654329
