feature,mean_importance
summary_cluster,0.038064988157163235
project_id,0.06789033215786619
