feature,mean_importance
summary_cluster,0.025090371022673287
project_id,0.06091439468049849
