feature,mean_importance
summary_cluster,0.03562600688792239
project_id,0.06603997269396258
