feature,shap_importance
project_id,0.12913263868566083
summary_cluster,0.1268204513655201
