feature,shap_importance
summary_cluster,0.1429814435098128
project_id,0.12322340292387511
