feature,shap_importance
summary_cluster,0.12443864849118984
project_id,0.12407101604745724
