feature,mean_importance
project_id,0.08522047681730824
summary_cluster,0.13014931670909877
