feature,shap_importance
summary_cluster,0.1555323400998923
project_id,0.12175645968037593
