feature,shap_importance
summary_cluster,0.13124763613195134
project_id,0.11163282626208598
