feature,mean_importance
project_id,0.052648487915242945
summary_cluster,0.08999688707893479
