feature,mean_importance
project_id,0.0572397827332564
summary_cluster,0.07527352542573784
