feature,mean_importance
summary_cluster,0.06148716321447776
project_id,0.06774419790929598
