feature,mean_importance
project_id,0.061622136289904164
summary_cluster,0.07709400940773217
