feature,shap_importance
project_id,0.07064147332961795
summary_cluster,0.016647792029026356
