feature,mean_importance
summary_cluster,0.0002683348471259617
project_id,0.009542903832136407
