feature,weight
intercept,-7.84190332189586e-16
project_id,0.09043092109450317
summary_cluster,-0.019276710778369326
