feature,mean_importance
project_id,0.08661656964521536
summary_cluster,0.1017942306101635
