feature,mean_importance
project_id,0.04694376153599977
summary_cluster,0.08693721050767118
