feature,mean_importance
project_id,0.02753681484492927
summary_cluster,0.12568942388080448
