feature,mean_importance
project_id,0.022089680474688067
summary_cluster,0.07512829288645853
