feature,mean_importance
project_id,0.04729041240414596
summary_cluster,0.11741124347264661
