feature,mean_importance
project_id,0.05245306432504258
summary_cluster,0.07490288314345901
