feature,mean_importance
project_id,0.05492687345299474
summary_cluster,0.06596280386946118
