feature,mean_importance
project_id,0.03549851375637627
summary_cluster,0.11236137452752808
