feature,mean_importance
project_id,0.0517800276266666
summary_cluster,0.06958923573425617
