feature,mean_importance
project_id,0.05227152424827412
summary_cluster,0.11201383252820629
