feature,mean_importance
project_id,0.029887124695752186
summary_cluster,0.07950128973361933
