feature,weight
intercept,-7.82412227570567e-16
project_id,0.09016402235865908
