feature,shap_importance
summary_cluster,0.14785607834285378
project_id,0.1282684975969659
