feature,shap_importance
project_id,0.13448303397504122
summary_cluster,0.1258560588825643
