feature,mean_importance
project_id,0.05937094352430059
summary_cluster,0.08809454825521876
