feature,shap_importance
summary_cluster,0.1730083284925845
project_id,0.13284500628975898
