feature,mean_importance
summary_cluster,0.06089314466178806
project_id,0.07779918125410763
