feature,mean_importance
project_id,0.10007960953960668
summary_cluster,0.14995366854062694
