feature,mean_importance
project_id,0.06388902656100374
summary_cluster,0.07384819720419736
