feature,mean_importance
project_id,0.08326688713150558
summary_cluster,0.10541529964306459
