feature,mean_importance
project_id,0.09548676420402942
summary_cluster,0.11901975198007612
