feature,mean_importance
summary_cluster,0.03662461406119773
project_id,0.05328299979251925
