feature,shap_importance
project_id,0.09851908655977824
summary_cluster,0.04544433576465275
