feature,shap_importance
summary_cluster,0.20425326892086912
project_id,0.12797213049549455
