feature,mean_importance
project_id,0.05266906336050272
summary_cluster,0.0980438145824479
