feature,mean_importance
project_id,0.021932832102699983
summary_cluster,0.08393432279613204
