feature,shap_importance
summary_cluster,0.19533464462799485
project_id,0.11496639448719724
