feature,shap_importance
summary_cluster,0.19169158423575033
project_id,0.10613055355827933
