feature,mean_importance
project_id,0.04383001997736744
summary_cluster,0.06988323300479973
