feature,shap_importance
summary_cluster,0.1574480766063466
project_id,0.10661367973639227
