feature,mean_importance
project_id,0.03378317330914915
summary_cluster,0.12465548053043193
