feature,mean_importance
project_id,0.055986645755072686
summary_cluster,0.12493784039659721
