feature,shap_importance
summary_cluster,0.15324169780598595
project_id,0.09386507312980956
