feature,mean_importance
summary_cluster,0.005518571408320705
project_id,0.03831707121237513
