feature,weight
intercept,5.790462949188965e-16
project_id,0.08005085831846111
summary_cluster,-0.029498141602554366
