feature,shap_importance
project_id,0.06107527342323797
summary_cluster,0.023563908675221092
