feature,shap_importance
project_id,0.05693824912996553
summary_cluster,0.018926209172343576
