feature,mean_importance
summary_cluster,0.00041188886319543094
project_id,0.015581139457281656
