feature,shap_importance
project_id,0.05105962389287022
summary_cluster,0.0274429577964459
