feature,shap_importance
project_id,0.05492229453471339
summary_cluster,0.02287226135535582
