feature,mean_importance
summary_cluster,0.0005969930192238681
project_id,0.010688876038855311
