feature,mean_importance
summary_cluster,0.000715802359903206
project_id,0.011679531891244955
