feature,mean_importance
summary_cluster,0.0018003463838634159
project_id,0.007958865459054753
