feature,mean_importance
summary_cluster,0.0018499022782474395
project_id,0.01053021193771706
