feature,shap_importance
project_id,0.06227605364157746
summary_cluster,0.02562621863360529
