feature,weight
intercept,-6.365462232287797e-16
project_id,0.07138618369378284
summary_cluster,-0.031235922882848276
