feature,weight
intercept,-4.4976374890525475e-17
project_id,0.07748250695331038
summary_cluster,-0.0268356263633942
