feature,weight
intercept,-6.340358227589521e-16
project_id,0.0797313036492011
summary_cluster,-0.027187428130565697
