feature,weight
intercept,-5.5077065182345115e-16
project_id,0.07943031323760377
summary_cluster,-0.021496933190857347
