feature,mean_importance
project_id,0.08485615230781876
summary_cluster,0.12245078119142586
