feature,mean_importance
summary_cluster,0.06749862626960752
project_id,0.0709765326692084
