feature,mean_importance
project_id,0.07665885121754853
summary_cluster,0.08228555086275272
