feature,mean_importance
project_id,0.058204183912738364
summary_cluster,0.08098961311234613
