feature,mean_importance
project_id,0.09927329449080277
summary_cluster,0.14502922612428912
