feature,mean_importance
summary_cluster,0.07609500669196445
project_id,0.07734151540473715
