feature,shap_importance
project_id,0.07043988533759307
summary_cluster,0.0025807846834330714
