feature,mean_importance
summary_cluster,-3.0835273621709904e-05
project_id,0.009381707808171446
