feature,weight
intercept,-7.824663900256474e-16
project_id,0.09017286039812812
summary_cluster,-0.0029532630905008484
