feature,mean_importance
summary_cluster,0.062240606360552106
project_id,0.07987266297155031
