feature,mean_importance
project_id,0.05797428084853855
summary_cluster,0.0919692676840645
