feature,mean_importance
project_id,0.09231572376835931
summary_cluster,0.09248780346755461
