feature,shap_importance
summary_cluster,0.1482136060856716
project_id,0.13308547417555522
