feature,mean_importance
project_id,0.11847518125551171
summary_cluster,0.15367186254064344
