feature,shap_importance
summary_cluster,0.12242017411407353
project_id,0.11728934245174133
