feature,shap_importance
summary_cluster,0.15207362942701969
project_id,0.11461955344899108
