feature,shap_importance
summary_cluster,0.12175375976582928
project_id,0.10904796203123017
