feature,mean_importance
project_id,0.07175637839137823
summary_cluster,0.09031209370503854
